DATE,HPCP,STATION,STATION_NAME
20130101 01:00,0,COOP:317069,RALEIGH AIRPORT NC US
20130101 08:00,0,COOP:317069,RALEIGH AIRPORT NC US
20130101 09:00,0.01,COOP:317069,RALEIGH AIRPORT NC US
20130101 10:00,0.03,COOP:317069,RALEIGH AIRPORT NC US
20130101 11:00,0,COOP:317069,RALEIGH AIRPORT NC US
20130101 12:00,0,COOP:317069,RALEIGH AIRPORT NC US
20130101 13:00,0,COOP:317069,RALEIGH AIRPORT NC US
20130101 14:00,0,COOP:317069,RALEIGH AIRPORT NC US
20130101 15:00,0.01,COOP:317069,RALEIGH AIRPORT NC US
20130101 16:00,0,COOP:317069,RALEIGH AIRPORT NC US
20130101 17:00,0.01,COOP:317069,RALEIGH AIRPORT NC US
20130101 18:00,0.02,COOP:317069,RALEIGH AIRPORT NC US
20130101 19:00,0.03,COOP:317069,RALEIGH AIRPORT NC US
20130101 20:00,0.01,COOP:317069,RALEIGH AIRPORT NC US
20130101 21:00,0.03,COOP:317069,RALEIGH AIRPORT NC US
20130101 22:00,0.02,COOP:317069,RALEIGH AIRPORT NC US
20130101 23:00,0.02,COOP:317069,RALEIGH AIRPORT NC US
20130102 00:00,0.02,COOP:317069,RALEIGH AIRPORT NC US
20130102 01:00,0.02,COOP:317069,RALEIGH AIRPORT NC US
20130102 02:00,0.04,COOP:317069,RALEIGH AIRPORT NC US
20130102 03:00,0.06,COOP:317069,RALEIGH AIRPORT NC US
20130102 04:00,0.06,COOP:317069,RALEIGH AIRPORT NC US
20130102 05:00,0.01,COOP:317069,RALEIGH AIRPORT NC US
20130102 06:00,0.03,COOP:317069,RALEIGH AIRPORT NC US
20130102 07:00,0.02,COOP:317069,RALEIGH AIRPORT NC US
20130102 08:00,0,COOP:317069,RALEIGH AIRPORT NC US
20130103 04:00,0,COOP:317069,RALEIGH AIRPORT NC US
20130103 05:00,0,COOP:317069,RALEIGH AIRPORT NC US
20130106 03:00,0,COOP:317069,RALEIGH AIRPORT NC US
20130106 04:00,0,COOP:317069,RALEIGH AIRPORT NC US
20130106 05:00,0,COOP:317069,RALEIGH AIRPORT NC US
20130106 07:00,0,COOP:317069,RALEIGH AIRPORT NC US
20130106 11:00,0,COOP:317069,RALEIGH AIRPORT NC US
20130106 12:00,0,COOP:317069,RALEIGH AIRPORT NC US
20130111 03:00,0,COOP:317069,RALEIGH AIRPORT NC US
20130111 04:00,0,COOP:317069,RALEIGH AIRPORT NC US
20130111 05:00,0,COOP:317069,RALEIGH AIRPORT NC US
20130111 06:00,0,COOP:317069,RALEIGH AIRPORT NC US
20130111 07:00,0.04,COOP:317069,RALEIGH AIRPORT NC US
20130111 08:00,0.09,COOP:317069,RALEIGH AIRPORT NC US
20130111 09:00,0.05,COOP:317069,RALEIGH AIRPORT NC US
20130111 10:00,0.01,COOP:317069,RALEIGH AIRPORT NC US
20130111 11:00,0.03,COOP:317069,RALEIGH AIRPORT NC US
20130111 12:00,0,COOP:317069,RALEIGH AIRPORT NC US
20130114 15:00,0,COOP:317069,RALEIGH AIRPORT NC US
20130114 18:00,0,COOP:317069,RALEIGH AIRPORT NC US
20130114 19:00,0,COOP:317069,RALEIGH AIRPORT NC US
20130115 08:00,0,COOP:317069,RALEIGH AIRPORT NC US
20130115 09:00,0,COOP:317069,RALEIGH AIRPORT NC US
20130115 15:00,0,COOP:317069,RALEIGH AIRPORT NC US
20130115 16:00,0,COOP:317069,RALEIGH AIRPORT NC US
20130115 23:00,0.01,COOP:317069,RALEIGH AIRPORT NC US
20130116 00:00,0,COOP:317069,RALEIGH AIRPORT NC US
20130116 01:00,0,COOP:317069,RALEIGH AIRPORT NC US
20130116 02:00,0,COOP:317069,RALEIGH AIRPORT NC US
20130116 03:00,0,COOP:317069,RALEIGH AIRPORT NC US
20130116 05:00,0.01,COOP:317069,RALEIGH AIRPORT NC US
20130116 06:00,0.03,COOP:317069,RALEIGH AIRPORT NC US
20130116 07:00,0,COOP:317069,RALEIGH AIRPORT NC US
20130116 09:00,0,COOP:317069,RALEIGH AIRPORT NC US
20130116 10:00,0,COOP:317069,RALEIGH AIRPORT NC US
20130116 12:00,0.01,COOP:317069,RALEIGH AIRPORT NC US
20130116 13:00,0.02,COOP:317069,RALEIGH AIRPORT NC US
20130116 14:00,0.05,COOP:317069,RALEIGH AIRPORT NC US
20130116 15:00,0,COOP:317069,RALEIGH AIRPORT NC US
20130116 23:00,0.01,COOP:317069,RALEIGH AIRPORT NC US
20130117 00:00,0.05,COOP:317069,RALEIGH AIRPORT NC US
20130117 01:00,0.05,COOP:317069,RALEIGH AIRPORT NC US
20130117 02:00,0.06,COOP:317069,RALEIGH AIRPORT NC US
20130117 03:00,0.09,COOP:317069,RALEIGH AIRPORT NC US
20130117 04:00,0.04,COOP:317069,RALEIGH AIRPORT NC US
20130117 05:00,0.08,COOP:317069,RALEIGH AIRPORT NC US
20130117 06:00,0.11,COOP:317069,RALEIGH AIRPORT NC US
20130117 07:00,0.02,COOP:317069,RALEIGH AIRPORT NC US
20130117 08:00,0.01,COOP:317069,RALEIGH AIRPORT NC US
20130117 09:00,0.11,COOP:317069,RALEIGH AIRPORT NC US
20130117 10:00,0.03,COOP:317069,RALEIGH AIRPORT NC US
20130117 11:00,0.01,COOP:317069,RALEIGH AIRPORT NC US
20130117 12:00,0,COOP:317069,RALEIGH AIRPORT NC US
20130117 13:00,0.02,COOP:317069,RALEIGH AIRPORT NC US
20130117 14:00,0,COOP:317069,RALEIGH AIRPORT NC US
20130117 15:00,0,COOP:317069,RALEIGH AIRPORT NC US
20130117 16:00,0.01,COOP:317069,RALEIGH AIRPORT NC US
20130117 17:00,0.01,COOP:317069,RALEIGH AIRPORT NC US
20130117 18:00,0.05,COOP:317069,RALEIGH AIRPORT NC US
20130117 19:00,0.18,COOP:317069,RALEIGH AIRPORT NC US
20130117 20:00,0.09,COOP:317069,RALEIGH AIRPORT NC US
20130117 21:00,0.23,COOP:317069,RALEIGH AIRPORT NC US
20130117 22:00,0.13,COOP:317069,RALEIGH AIRPORT NC US
20130117 23:00,0.05,COOP:317069,RALEIGH AIRPORT NC US
20130118 00:00,0.03,COOP:317069,RALEIGH AIRPORT NC US
20130118 01:00,0.06,COOP:317069,RALEIGH AIRPORT NC US
20130118 02:00,0,COOP:317069,RALEIGH AIRPORT NC US
20130125 11:00,0,COOP:317069,RALEIGH AIRPORT NC US
20130125 12:00,0.02,COOP:317069,RALEIGH AIRPORT NC US
20130125 13:00,0,COOP:317069,RALEIGH AIRPORT NC US
20130125 14:00,0,COOP:317069,RALEIGH AIRPORT NC US
20130125 15:00,0.09,COOP:317069,RALEIGH AIRPORT NC US
20130125 16:00,0.12,COOP:317069,RALEIGH AIRPORT NC US
20130125 17:00,0.06,COOP:317069,RALEIGH AIRPORT NC US
20130125 18:00,0.03,COOP:317069,RALEIGH AIRPORT NC US
20130125 19:00,0,COOP:317069,RALEIGH AIRPORT NC US
20130125 20:00,0,COOP:317069,RALEIGH AIRPORT NC US
20130125 21:00,0,COOP:317069,RALEIGH AIRPORT NC US
20130128 04:00,0,COOP:317069,RALEIGH AIRPORT NC US
20130128 05:00,0,COOP:317069,RALEIGH AIRPORT NC US
20130128 06:00,0.01,COOP:317069,RALEIGH AIRPORT NC US
20130128 07:00,0,COOP:317069,RALEIGH AIRPORT NC US
20130128 08:00,0,COOP:317069,RALEIGH AIRPORT NC US
20130130 12:00,0,COOP:317069,RALEIGH AIRPORT NC US
20130130 13:00,0.01,COOP:317069,RALEIGH AIRPORT NC US
20130130 23:00,0.02,COOP:317069,RALEIGH AIRPORT NC US
20130131 00:00,0.32,COOP:317069,RALEIGH AIRPORT NC US
20130131 01:00,0.03,COOP:317069,RALEIGH AIRPORT NC US
20130131 02:00,0.06,COOP:317069,RALEIGH AIRPORT NC US
20130131 05:00,0,COOP:317069,RALEIGH AIRPORT NC US
20130131 06:00,0,COOP:317069,RALEIGH AIRPORT NC US
20130201 01:00,0,COOP:317069,RALEIGH AIRPORT NC US
20130202 23:00,0,COOP:317069,RALEIGH AIRPORT NC US
20130203 00:00,0,COOP:317069,RALEIGH AIRPORT NC US
20130203 01:00,0,COOP:317069,RALEIGH AIRPORT NC US
20130207 18:00,0,COOP:317069,RALEIGH AIRPORT NC US
20130207 19:00,0.01,COOP:317069,RALEIGH AIRPORT NC US
20130207 20:00,0.06,COOP:317069,RALEIGH AIRPORT NC US
20130207 21:00,0.06,COOP:317069,RALEIGH AIRPORT NC US
20130207 22:00,0.08,COOP:317069,RALEIGH AIRPORT NC US
20130207 23:00,0.09,COOP:317069,RALEIGH AIRPORT NC US
20130208 00:00,0.13,COOP:317069,RALEIGH AIRPORT NC US
20130208 01:00,0.19,COOP:317069,RALEIGH AIRPORT NC US
20130208 02:00,0.2,COOP:317069,RALEIGH AIRPORT NC US
20130208 03:00,0.12,COOP:317069,RALEIGH AIRPORT NC US
20130208 04:00,0.06,COOP:317069,RALEIGH AIRPORT NC US
20130208 05:00,0.01,COOP:317069,RALEIGH AIRPORT NC US
20130208 06:00,0,COOP:317069,RALEIGH AIRPORT NC US
20130208 07:00,0.01,COOP:317069,RALEIGH AIRPORT NC US
20130210 23:00,0,COOP:317069,RALEIGH AIRPORT NC US
20130211 00:00,0.03,COOP:317069,RALEIGH AIRPORT NC US
20130211 01:00,0,COOP:317069,RALEIGH AIRPORT NC US
20130211 07:00,0.01,COOP:317069,RALEIGH AIRPORT NC US
20130211 08:00,0.03,COOP:317069,RALEIGH AIRPORT NC US
20130211 09:00,0,COOP:317069,RALEIGH AIRPORT NC US
20130211 11:00,0.01,COOP:317069,RALEIGH AIRPORT NC US
20130211 12:00,0,COOP:317069,RALEIGH AIRPORT NC US
20130211 13:00,0,COOP:317069,RALEIGH AIRPORT NC US
20130211 14:00,0,COOP:317069,RALEIGH AIRPORT NC US
20130211 15:00,0,COOP:317069,RALEIGH AIRPORT NC US
20130211 16:00,0,COOP:317069,RALEIGH AIRPORT NC US
20130213 01:00,0,COOP:317069,RALEIGH AIRPORT NC US
20130213 02:00,0,COOP:317069,RALEIGH AIRPORT NC US
20130213 03:00,0,COOP:317069,RALEIGH AIRPORT NC US
20130213 04:00,0.03,COOP:317069,RALEIGH AIRPORT NC US
20130213 05:00,0.05,COOP:317069,RALEIGH AIRPORT NC US
20130213 06:00,0.08,COOP:317069,RALEIGH AIRPORT NC US
20130213 07:00,0.03,COOP:317069,RALEIGH AIRPORT NC US
20130213 08:00,0.01,COOP:317069,RALEIGH AIRPORT NC US
20130213 09:00,0,COOP:317069,RALEIGH AIRPORT NC US
20130213 10:00,0,COOP:317069,RALEIGH AIRPORT NC US
20130213 11:00,0,COOP:317069,RALEIGH AIRPORT NC US
20130213 12:00,0.01,COOP:317069,RALEIGH AIRPORT NC US
20130213 14:00,0,COOP:317069,RALEIGH AIRPORT NC US
20130213 15:00,0.01,COOP:317069,RALEIGH AIRPORT NC US
20130213 16:00,0,COOP:317069,RALEIGH AIRPORT NC US
20130213 17:00,0.01,COOP:317069,RALEIGH AIRPORT NC US
20130213 18:00,0,COOP:317069,RALEIGH AIRPORT NC US
20130213 19:00,0,COOP:317069,RALEIGH AIRPORT NC US
20130216 07:00,0,COOP:317069,RALEIGH AIRPORT NC US
20130216 08:00,0,COOP:317069,RALEIGH AIRPORT NC US
20130216 09:00,0.03,COOP:317069,RALEIGH AIRPORT NC US
20130216 10:00,0.07,COOP:317069,RALEIGH AIRPORT NC US
20130216 11:00,0.06,COOP:317069,RALEIGH AIRPORT NC US
20130216 12:00,0.06,COOP:317069,RALEIGH AIRPORT NC US
20130216 13:00,0.04,COOP:317069,RALEIGH AIRPORT NC US
20130216 14:00,0.04,COOP:317069,RALEIGH AIRPORT NC US
20130216 15:00,0.03,COOP:317069,RALEIGH AIRPORT NC US
20130216 16:00,0.03,COOP:317069,RALEIGH AIRPORT NC US
20130216 17:00,0.02,COOP:317069,RALEIGH AIRPORT NC US
20130216 18:00,0.01,COOP:317069,RALEIGH AIRPORT NC US
20130216 19:00,0,COOP:317069,RALEIGH AIRPORT NC US
20130216 20:00,0,COOP:317069,RALEIGH AIRPORT NC US
20130219 10:00,0,COOP:317069,RALEIGH AIRPORT NC US
20130219 11:00,0.02,COOP:317069,RALEIGH AIRPORT NC US
20130219 12:00,0.03,COOP:317069,RALEIGH AIRPORT NC US
20130219 13:00,0,COOP:317069,RALEIGH AIRPORT NC US
20130219 14:00,0.02,COOP:317069,RALEIGH AIRPORT NC US
20130219 15:00,0.07,COOP:317069,RALEIGH AIRPORT NC US
20130219 16:00,0,COOP:317069,RALEIGH AIRPORT NC US
20130222 03:00,0.04,COOP:317069,RALEIGH AIRPORT NC US
20130222 04:00,0.08,COOP:317069,RALEIGH AIRPORT NC US
20130222 05:00,0.06,COOP:317069,RALEIGH AIRPORT NC US
20130222 06:00,0.03,COOP:317069,RALEIGH AIRPORT NC US
20130222 07:00,0,COOP:317069,RALEIGH AIRPORT NC US
20130222 14:00,0,COOP:317069,RALEIGH AIRPORT NC US
20130222 15:00,0.01,COOP:317069,RALEIGH AIRPORT NC US
20130222 16:00,0,COOP:317069,RALEIGH AIRPORT NC US
20130222 17:00,0.05,COOP:317069,RALEIGH AIRPORT NC US
20130222 18:00,0.02,COOP:317069,RALEIGH AIRPORT NC US
20130222 19:00,0.01,COOP:317069,RALEIGH AIRPORT NC US
20130222 20:00,0,COOP:317069,RALEIGH AIRPORT NC US
20130222 21:00,0.02,COOP:317069,RALEIGH AIRPORT NC US
20130222 22:00,0.02,COOP:317069,RALEIGH AIRPORT NC US
20130222 23:00,0.01,COOP:317069,RALEIGH AIRPORT NC US
20130223 00:00,0.01,COOP:317069,RALEIGH AIRPORT NC US
20130223 01:00,0,COOP:317069,RALEIGH AIRPORT NC US
20130223 02:00,0,COOP:317069,RALEIGH AIRPORT NC US
20130223 03:00,0.02,COOP:317069,RALEIGH AIRPORT NC US
20130223 04:00,0.02,COOP:317069,RALEIGH AIRPORT NC US
20130223 05:00,0.01,COOP:317069,RALEIGH AIRPORT NC US
20130223 06:00,0.34,COOP:317069,RALEIGH AIRPORT NC US
20130223 07:00,0.15,COOP:317069,RALEIGH AIRPORT NC US
20130223 08:00,0.07,COOP:317069,RALEIGH AIRPORT NC US
20130223 09:00,0.05,COOP:317069,RALEIGH AIRPORT NC US
20130223 10:00,0.09,COOP:317069,RALEIGH AIRPORT NC US
20130223 11:00,0.03,COOP:317069,RALEIGH AIRPORT NC US
20130223 12:00,0.07,COOP:317069,RALEIGH AIRPORT NC US
20130223 13:00,0.05,COOP:317069,RALEIGH AIRPORT NC US
20130223 14:00,0.01,COOP:317069,RALEIGH AIRPORT NC US
20130223 15:00,0,COOP:317069,RALEIGH AIRPORT NC US
20130223 16:00,0.01,COOP:317069,RALEIGH AIRPORT NC US
20130224 04:00,0.08,COOP:317069,RALEIGH AIRPORT NC US
20130226 03:00,0,COOP:317069,RALEIGH AIRPORT NC US
20130226 07:00,0,COOP:317069,RALEIGH AIRPORT NC US
20130226 08:00,0.08,COOP:317069,RALEIGH AIRPORT NC US
20130226 09:00,0.05,COOP:317069,RALEIGH AIRPORT NC US
20130226 10:00,0.09,COOP:317069,RALEIGH AIRPORT NC US
20130226 11:00,0.12,COOP:317069,RALEIGH AIRPORT NC US
20130226 12:00,0.14,COOP:317069,RALEIGH AIRPORT NC US
20130226 13:00,0.15,COOP:317069,RALEIGH AIRPORT NC US
20130226 14:00,0.11,COOP:317069,RALEIGH AIRPORT NC US
20130226 15:00,0.05,COOP:317069,RALEIGH AIRPORT NC US
20130226 16:00,0.02,COOP:317069,RALEIGH AIRPORT NC US
20130226 17:00,0.05,COOP:317069,RALEIGH AIRPORT NC US
20130301 01:00,0,COOP:317069,RALEIGH AIRPORT NC US
20130305 04:00,0,COOP:317069,RALEIGH AIRPORT NC US
20130305 12:00,0,COOP:317069,RALEIGH AIRPORT NC US
20130305 13:00,0.02,COOP:317069,RALEIGH AIRPORT NC US
20130305 14:00,0.06,COOP:317069,RALEIGH AIRPORT NC US
20130305 15:00,0,COOP:317069,RALEIGH AIRPORT NC US
20130305 16:00,0.02,COOP:317069,RALEIGH AIRPORT NC US
20130305 17:00,0.03,COOP:317069,RALEIGH AIRPORT NC US
20130305 18:00,0,COOP:317069,RALEIGH AIRPORT NC US
20130305 19:00,0,COOP:317069,RALEIGH AIRPORT NC US
20130305 20:00,0,COOP:317069,RALEIGH AIRPORT NC US
20130305 21:00,0,COOP:317069,RALEIGH AIRPORT NC US
20130305 22:00,0.04,COOP:317069,RALEIGH AIRPORT NC US
20130305 23:00,0.24,COOP:317069,RALEIGH AIRPORT NC US
20130306 00:00,0,COOP:317069,RALEIGH AIRPORT NC US
20130306 03:00,0.01,COOP:317069,RALEIGH AIRPORT NC US
20130306 04:00,0,COOP:317069,RALEIGH AIRPORT NC US
20130306 05:00,0,COOP:317069,RALEIGH AIRPORT NC US
20130306 06:00,0,COOP:317069,RALEIGH AIRPORT NC US
20130306 08:00,0,COOP:317069,RALEIGH AIRPORT NC US
20130312 01:00,0,COOP:317069,RALEIGH AIRPORT NC US
20130312 02:00,0.01,COOP:317069,RALEIGH AIRPORT NC US
20130312 03:00,0.04,COOP:317069,RALEIGH AIRPORT NC US
20130312 04:00,0.04,COOP:317069,RALEIGH AIRPORT NC US
20130312 05:00,0.03,COOP:317069,RALEIGH AIRPORT NC US
20130312 06:00,0.08,COOP:317069,RALEIGH AIRPORT NC US
20130312 07:00,0.06,COOP:317069,RALEIGH AIRPORT NC US
20130312 08:00,0.06,COOP:317069,RALEIGH AIRPORT NC US
20130312 09:00,0.33,COOP:317069,RALEIGH AIRPORT NC US
20130312 10:00,0,COOP:317069,RALEIGH AIRPORT NC US
20130312 11:00,0,COOP:317069,RALEIGH AIRPORT NC US
20130312 12:00,0,COOP:317069,RALEIGH AIRPORT NC US
20130317 23:00,0,COOP:317069,RALEIGH AIRPORT NC US
20130318 00:00,0,COOP:317069,RALEIGH AIRPORT NC US
20130318 01:00,0,COOP:317069,RALEIGH AIRPORT NC US
20130318 02:00,0,COOP:317069,RALEIGH AIRPORT NC US
20130318 03:00,0.01,COOP:317069,RALEIGH AIRPORT NC US
20130318 04:00,0,COOP:317069,RALEIGH AIRPORT NC US
20130318 05:00,0,COOP:317069,RALEIGH AIRPORT NC US
20130318 06:00,0,COOP:317069,RALEIGH AIRPORT NC US
20130318 07:00,0,COOP:317069,RALEIGH AIRPORT NC US
20130318 08:00,0,COOP:317069,RALEIGH AIRPORT NC US
20130318 09:00,0,COOP:317069,RALEIGH AIRPORT NC US
20130318 10:00,0,COOP:317069,RALEIGH AIRPORT NC US
20130318 11:00,0,COOP:317069,RALEIGH AIRPORT NC US
20130318 12:00,0,COOP:317069,RALEIGH AIRPORT NC US
20130318 13:00,0,COOP:317069,RALEIGH AIRPORT NC US
20130318 14:00,0,COOP:317069,RALEIGH AIRPORT NC US
20130318 15:00,0,COOP:317069,RALEIGH AIRPORT NC US
20130318 16:00,0,COOP:317069,RALEIGH AIRPORT NC US
20130318 20:00,0.03,COOP:317069,RALEIGH AIRPORT NC US
20130318 21:00,0.1,COOP:317069,RALEIGH AIRPORT NC US
20130318 22:00,0.05,COOP:317069,RALEIGH AIRPORT NC US
20130318 23:00,0.09,COOP:317069,RALEIGH AIRPORT NC US
20130319 05:00,0,COOP:317069,RALEIGH AIRPORT NC US
20130319 06:00,0,COOP:317069,RALEIGH AIRPORT NC US
20130321 02:00,0,COOP:317069,RALEIGH AIRPORT NC US
20130324 07:00,0,COOP:317069,RALEIGH AIRPORT NC US
20130324 08:00,0.04,COOP:317069,RALEIGH AIRPORT NC US
20130324 09:00,0.04,COOP:317069,RALEIGH AIRPORT NC US
20130324 10:00,0.08,COOP:317069,RALEIGH AIRPORT NC US
20130324 11:00,0.02,COOP:317069,RALEIGH AIRPORT NC US
20130324 12:00,0.02,COOP:317069,RALEIGH AIRPORT NC US
20130324 13:00,0.23,COOP:317069,RALEIGH AIRPORT NC US
20130324 14:00,0.14,COOP:317069,RALEIGH AIRPORT NC US
20130324 15:00,0.1,COOP:317069,RALEIGH AIRPORT NC US
20130324 16:00,0.02,COOP:317069,RALEIGH AIRPORT NC US
20130324 17:00,0.04,COOP:317069,RALEIGH AIRPORT NC US
20130325 04:00,0,COOP:317069,RALEIGH AIRPORT NC US
20130325 05:00,0,COOP:317069,RALEIGH AIRPORT NC US
20130325 06:00,0,COOP:317069,RALEIGH AIRPORT NC US
20130325 07:00,0,COOP:317069,RALEIGH AIRPORT NC US
20130325 09:00,0,COOP:317069,RALEIGH AIRPORT NC US
20130325 10:00,0,COOP:317069,RALEIGH AIRPORT NC US
20130331 06:00,0.12,COOP:317069,RALEIGH AIRPORT NC US
20130331 07:00,0.12,COOP:317069,RALEIGH AIRPORT NC US
20130331 08:00,0.08,COOP:317069,RALEIGH AIRPORT NC US
20130331 09:00,0.03,COOP:317069,RALEIGH AIRPORT NC US
20130331 19:00,0,COOP:317069,RALEIGH AIRPORT NC US
20130331 20:00,0.43,COOP:317069,RALEIGH AIRPORT NC US
20130331 21:00,0.09,COOP:317069,RALEIGH AIRPORT NC US
20130401 01:00,0,COOP:317069,RALEIGH AIRPORT NC US
20130401 02:00,0,COOP:317069,RALEIGH AIRPORT NC US
20130401 03:00,0.01,COOP:317069,RALEIGH AIRPORT NC US
20130401 04:00,0,COOP:317069,RALEIGH AIRPORT NC US
20130401 05:00,0,COOP:317069,RALEIGH AIRPORT NC US
20130401 06:00,0,COOP:317069,RALEIGH AIRPORT NC US
20130404 10:00,0,COOP:317069,RALEIGH AIRPORT NC US
20130404 11:00,0,COOP:317069,RALEIGH AIRPORT NC US
20130404 12:00,0,COOP:317069,RALEIGH AIRPORT NC US
20130404 13:00,0.01,COOP:317069,RALEIGH AIRPORT NC US
20130404 14:00,0.04,COOP:317069,RALEIGH AIRPORT NC US
20130404 15:00,0.1,COOP:317069,RALEIGH AIRPORT NC US
20130404 16:00,0.06,COOP:317069,RALEIGH AIRPORT NC US
20130404 17:00,0.07,COOP:317069,RALEIGH AIRPORT NC US
20130404 18:00,0.08,COOP:317069,RALEIGH AIRPORT NC US
20130404 19:00,0.01,COOP:317069,RALEIGH AIRPORT NC US
20130404 20:00,0.07,COOP:317069,RALEIGH AIRPORT NC US
20130404 21:00,0.18,COOP:317069,RALEIGH AIRPORT NC US
20130404 22:00,0.06,COOP:317069,RALEIGH AIRPORT NC US
20130404 23:00,0.03,COOP:317069,RALEIGH AIRPORT NC US
20130405 00:00,0.01,COOP:317069,RALEIGH AIRPORT NC US
20130405 01:00,0.01,COOP:317069,RALEIGH AIRPORT NC US
20130405 02:00,0,COOP:317069,RALEIGH AIRPORT NC US
20130405 03:00,0.02,COOP:317069,RALEIGH AIRPORT NC US
20130405 04:00,0,COOP:317069,RALEIGH AIRPORT NC US
20130405 05:00,0.01,COOP:317069,RALEIGH AIRPORT NC US
20130405 06:00,0,COOP:317069,RALEIGH AIRPORT NC US
20130405 07:00,0,COOP:317069,RALEIGH AIRPORT NC US
20130412 05:00,0.09,COOP:317069,RALEIGH AIRPORT NC US
20130412 06:00,0.15,COOP:317069,RALEIGH AIRPORT NC US
20130412 07:00,0.71,COOP:317069,RALEIGH AIRPORT NC US
20130412 08:00,0,COOP:317069,RALEIGH AIRPORT NC US
20130412 12:00,0.09,COOP:317069,RALEIGH AIRPORT NC US
20130412 13:00,0,COOP:317069,RALEIGH AIRPORT NC US
20130414 23:00,0,COOP:317069,RALEIGH AIRPORT NC US
20130415 00:00,0,COOP:317069,RALEIGH AIRPORT NC US
20130415 01:00,0,COOP:317069,RALEIGH AIRPORT NC US
20130415 02:00,0.01,COOP:317069,RALEIGH AIRPORT NC US
20130415 03:00,0.01,COOP:317069,RALEIGH AIRPORT NC US
20130415 04:00,0,COOP:317069,RALEIGH AIRPORT NC US
20130415 06:00,0,COOP:317069,RALEIGH AIRPORT NC US
20130419 05:00,0,COOP:317069,RALEIGH AIRPORT NC US
20130419 18:00,0.05,COOP:317069,RALEIGH AIRPORT NC US
20130419 19:00,0.14,COOP:317069,RALEIGH AIRPORT NC US
20130419 20:00,0.08,COOP:317069,RALEIGH AIRPORT NC US
20130419 21:00,0.03,COOP:317069,RALEIGH AIRPORT NC US
20130419 22:00,0.03,COOP:317069,RALEIGH AIRPORT NC US
20130419 23:00,0.01,COOP:317069,RALEIGH AIRPORT NC US
20130420 00:00,0.03,COOP:317069,RALEIGH AIRPORT NC US
20130420 01:00,0.01,COOP:317069,RALEIGH AIRPORT NC US
20130420 02:00,0,COOP:317069,RALEIGH AIRPORT NC US
20130420 03:00,0,COOP:317069,RALEIGH AIRPORT NC US
20130422 21:00,0,COOP:317069,RALEIGH AIRPORT NC US
20130422 22:00,0.01,COOP:317069,RALEIGH AIRPORT NC US
20130422 23:00,0,COOP:317069,RALEIGH AIRPORT NC US
20130423 00:00,0,COOP:317069,RALEIGH AIRPORT NC US
20130423 01:00,0.01,COOP:317069,RALEIGH AIRPORT NC US
20130423 02:00,0,COOP:317069,RALEIGH AIRPORT NC US
20130423 03:00,0.03,COOP:317069,RALEIGH AIRPORT NC US
20130423 04:00,0.08,COOP:317069,RALEIGH AIRPORT NC US
20130423 05:00,0.01,COOP:317069,RALEIGH AIRPORT NC US
20130423 06:00,0,COOP:317069,RALEIGH AIRPORT NC US
20130428 11:00,0,COOP:317069,RALEIGH AIRPORT NC US
20130428 13:00,0.01,COOP:317069,RALEIGH AIRPORT NC US
20130428 16:00,0.03,COOP:317069,RALEIGH AIRPORT NC US
20130428 17:00,0.03,COOP:317069,RALEIGH AIRPORT NC US
20130428 18:00,0.03,COOP:317069,RALEIGH AIRPORT NC US
20130428 19:00,0.01,COOP:317069,RALEIGH AIRPORT NC US
20130428 20:00,0.03,COOP:317069,RALEIGH AIRPORT NC US
20130428 21:00,0.12,COOP:317069,RALEIGH AIRPORT NC US
20130428 22:00,0.22,COOP:317069,RALEIGH AIRPORT NC US
20130428 23:00,0.35,COOP:317069,RALEIGH AIRPORT NC US
20130429 00:00,0.14,COOP:317069,RALEIGH AIRPORT NC US
20130429 01:00,0.2,COOP:317069,RALEIGH AIRPORT NC US
20130429 02:00,0.14,COOP:317069,RALEIGH AIRPORT NC US
20130429 03:00,0.1,COOP:317069,RALEIGH AIRPORT NC US
20130429 04:00,0.27,COOP:317069,RALEIGH AIRPORT NC US
20130429 05:00,0.05,COOP:317069,RALEIGH AIRPORT NC US
20130429 06:00,0.04,COOP:317069,RALEIGH AIRPORT NC US
20130429 07:00,0.04,COOP:317069,RALEIGH AIRPORT NC US
20130429 08:00,0.01,COOP:317069,RALEIGH AIRPORT NC US
20130429 09:00,0.01,COOP:317069,RALEIGH AIRPORT NC US
20130429 12:00,0,COOP:317069,RALEIGH AIRPORT NC US
20130429 13:00,0,COOP:317069,RALEIGH AIRPORT NC US
20130430 05:00,0,COOP:317069,RALEIGH AIRPORT NC US
20130430 06:00,0,COOP:317069,RALEIGH AIRPORT NC US
20130430 07:00,0,COOP:317069,RALEIGH AIRPORT NC US
20130430 08:00,0,COOP:317069,RALEIGH AIRPORT NC US
20130430 09:00,0,COOP:317069,RALEIGH AIRPORT NC US
20130430 10:00,0,COOP:317069,RALEIGH AIRPORT NC US
20130501 01:00,0,COOP:317069,RALEIGH AIRPORT NC US
20130501 02:00,0,COOP:317069,RALEIGH AIRPORT NC US
20130501 07:00,0,COOP:317069,RALEIGH AIRPORT NC US
20130501 08:00,0,COOP:317069,RALEIGH AIRPORT NC US
20130501 09:00,0,COOP:317069,RALEIGH AIRPORT NC US
20130501 10:00,0.01,COOP:317069,RALEIGH AIRPORT NC US
20130501 11:00,0,COOP:317069,RALEIGH AIRPORT NC US
20130501 13:00,0,COOP:317069,RALEIGH AIRPORT NC US
20130501 14:00,0,COOP:317069,RALEIGH AIRPORT NC US
20130501 15:00,0,COOP:317069,RALEIGH AIRPORT NC US
20130501 16:00,0,COOP:317069,RALEIGH AIRPORT NC US
20130502 02:00,0,COOP:317069,RALEIGH AIRPORT NC US
20130502 03:00,0,COOP:317069,RALEIGH AIRPORT NC US
20130502 04:00,0,COOP:317069,RALEIGH AIRPORT NC US
20130502 05:00,0,COOP:317069,RALEIGH AIRPORT NC US
20130502 06:00,0,COOP:317069,RALEIGH AIRPORT NC US
20130502 08:00,0,COOP:317069,RALEIGH AIRPORT NC US
20130502 09:00,0,COOP:317069,RALEIGH AIRPORT NC US
20130502 10:00,0,COOP:317069,RALEIGH AIRPORT NC US
20130502 11:00,0,COOP:317069,RALEIGH AIRPORT NC US
20130505 18:00,0,COOP:317069,RALEIGH AIRPORT NC US
20130506 01:00,0,COOP:317069,RALEIGH AIRPORT NC US
20130506 02:00,0,COOP:317069,RALEIGH AIRPORT NC US
20130506 03:00,0.01,COOP:317069,RALEIGH AIRPORT NC US
20130506 04:00,0,COOP:317069,RALEIGH AIRPORT NC US
20130506 05:00,0.02,COOP:317069,RALEIGH AIRPORT NC US
20130506 06:00,0,COOP:317069,RALEIGH AIRPORT NC US
20130506 07:00,0,COOP:317069,RALEIGH AIRPORT NC US
20130506 08:00,0,COOP:317069,RALEIGH AIRPORT NC US
20130506 10:00,0,COOP:317069,RALEIGH AIRPORT NC US
20130506 11:00,0.2,COOP:317069,RALEIGH AIRPORT NC US
20130506 12:00,0.03,COOP:317069,RALEIGH AIRPORT NC US
20130506 13:00,0.34,COOP:317069,RALEIGH AIRPORT NC US
20130506 14:00,0.61,COOP:317069,RALEIGH AIRPORT NC US
20130506 15:00,0.17,COOP:317069,RALEIGH AIRPORT NC US
20130506 16:00,0.03,COOP:317069,RALEIGH AIRPORT NC US
20130507 13:00,0,COOP:317069,RALEIGH AIRPORT NC US
20130508 03:00,0,COOP:317069,RALEIGH AIRPORT NC US
20130508 04:00,0,COOP:317069,RALEIGH AIRPORT NC US
20130508 05:00,0,COOP:317069,RALEIGH AIRPORT NC US
20130508 06:00,0.01,COOP:317069,RALEIGH AIRPORT NC US
20130508 07:00,0.01,COOP:317069,RALEIGH AIRPORT NC US
20130508 20:00,0.13,COOP:317069,RALEIGH AIRPORT NC US
20130508 21:00,0.03,COOP:317069,RALEIGH AIRPORT NC US
20130508 23:00,0,COOP:317069,RALEIGH AIRPORT NC US
20130511 16:00,0,COOP:317069,RALEIGH AIRPORT NC US
20130511 17:00,0.3,COOP:317069,RALEIGH AIRPORT NC US
20130518 12:00,0.13,COOP:317069,RALEIGH AIRPORT NC US
20130518 13:00,0.01,COOP:317069,RALEIGH AIRPORT NC US
20130518 21:00,0.01,COOP:317069,RALEIGH AIRPORT NC US
20130518 22:00,0.22,COOP:317069,RALEIGH AIRPORT NC US
20130518 23:00,0.04,COOP:317069,RALEIGH AIRPORT NC US
20130519 00:00,0.01,COOP:317069,RALEIGH AIRPORT NC US
20130519 01:00,0,COOP:317069,RALEIGH AIRPORT NC US
20130519 02:00,0,COOP:317069,RALEIGH AIRPORT NC US
20130519 03:00,0,COOP:317069,RALEIGH AIRPORT NC US
20130519 04:00,0,COOP:317069,RALEIGH AIRPORT NC US
20130519 11:00,0,COOP:317069,RALEIGH AIRPORT NC US
20130519 13:00,0.05,COOP:317069,RALEIGH AIRPORT NC US
20130519 20:00,0.38,COOP:317069,RALEIGH AIRPORT NC US
20130519 21:00,0.08,COOP:317069,RALEIGH AIRPORT NC US
20130520 00:00,0.03,COOP:317069,RALEIGH AIRPORT NC US
20130520 03:00,0.13,COOP:317069,RALEIGH AIRPORT NC US
20130520 04:00,0.27,COOP:317069,RALEIGH AIRPORT NC US
20130520 05:00,0.07,COOP:317069,RALEIGH AIRPORT NC US
20130520 06:00,0.07,COOP:317069,RALEIGH AIRPORT NC US
20130520 07:00,0.03,COOP:317069,RALEIGH AIRPORT NC US
20130520 08:00,0.01,COOP:317069,RALEIGH AIRPORT NC US
20130520 09:00,0.02,COOP:317069,RALEIGH AIRPORT NC US
20130520 10:00,0.01,COOP:317069,RALEIGH AIRPORT NC US
20130520 11:00,0,COOP:317069,RALEIGH AIRPORT NC US
20130520 12:00,0,COOP:317069,RALEIGH AIRPORT NC US
20130520 14:00,0.31,COOP:317069,RALEIGH AIRPORT NC US
20130520 15:00,0.55,COOP:317069,RALEIGH AIRPORT NC US
20130520 16:00,0,COOP:317069,RALEIGH AIRPORT NC US
20130521 07:00,0,COOP:317069,RALEIGH AIRPORT NC US
20130521 08:00,0,COOP:317069,RALEIGH AIRPORT NC US
20130522 18:00,0.01,COOP:317069,RALEIGH AIRPORT NC US
20130523 04:00,0,COOP:317069,RALEIGH AIRPORT NC US
20130523 06:00,0,COOP:317069,RALEIGH AIRPORT NC US
20130524 00:00,0.18,COOP:317069,RALEIGH AIRPORT NC US
20130601 01:00,0,COOP:317069,RALEIGH AIRPORT NC US
20130602 23:00,0.04,COOP:317069,RALEIGH AIRPORT NC US
20130603 00:00,0.07,COOP:317069,RALEIGH AIRPORT NC US
20130603 01:00,0.07,COOP:317069,RALEIGH AIRPORT NC US
20130603 02:00,0,COOP:317069,RALEIGH AIRPORT NC US
20130603 03:00,0,COOP:317069,RALEIGH AIRPORT NC US
20130603 04:00,0.01,COOP:317069,RALEIGH AIRPORT NC US
20130603 05:00,0.01,COOP:317069,RALEIGH AIRPORT NC US
20130603 06:00,0,COOP:317069,RALEIGH AIRPORT NC US
20130603 07:00,0.02,COOP:317069,RALEIGH AIRPORT NC US
20130603 08:00,0.01,COOP:317069,RALEIGH AIRPORT NC US
20130603 09:00,0,COOP:317069,RALEIGH AIRPORT NC US
20130603 18:00,0.32,COOP:317069,RALEIGH AIRPORT NC US
20130603 19:00,0.01,COOP:317069,RALEIGH AIRPORT NC US
20130606 04:00,0,COOP:317069,RALEIGH AIRPORT NC US
20130606 05:00,0,COOP:317069,RALEIGH AIRPORT NC US
20130606 11:00,0,COOP:317069,RALEIGH AIRPORT NC US
20130606 12:00,0.01,COOP:317069,RALEIGH AIRPORT NC US
20130606 13:00,0.04,COOP:317069,RALEIGH AIRPORT NC US
20130606 14:00,0.03,COOP:317069,RALEIGH AIRPORT NC US
20130606 15:00,0.02,COOP:317069,RALEIGH AIRPORT NC US
20130606 16:00,0,COOP:317069,RALEIGH AIRPORT NC US
20130606 17:00,0.15,COOP:317069,RALEIGH AIRPORT NC US
20130606 18:00,0.11,COOP:317069,RALEIGH AIRPORT NC US
20130606 20:00,0,COOP:317069,RALEIGH AIRPORT NC US
20130606 21:00,0.02,COOP:317069,RALEIGH AIRPORT NC US
20130606 22:00,0,COOP:317069,RALEIGH AIRPORT NC US
20130606 23:00,0,COOP:317069,RALEIGH AIRPORT NC US
20130607 00:00,0,COOP:317069,RALEIGH AIRPORT NC US
20130607 01:00,0.05,COOP:317069,RALEIGH AIRPORT NC US
20130607 02:00,0.04,COOP:317069,RALEIGH AIRPORT NC US
20130607 03:00,0.06,COOP:317069,RALEIGH AIRPORT NC US
20130607 04:00,0.62,COOP:317069,RALEIGH AIRPORT NC US
20130607 05:00,0.25,COOP:317069,RALEIGH AIRPORT NC US
20130607 06:00,0.12,COOP:317069,RALEIGH AIRPORT NC US
20130607 07:00,0.09,COOP:317069,RALEIGH AIRPORT NC US
20130607 08:00,0,COOP:317069,RALEIGH AIRPORT NC US
20130607 09:00,0.07,COOP:317069,RALEIGH AIRPORT NC US
20130607 10:00,0.02,COOP:317069,RALEIGH AIRPORT NC US
20130607 11:00,0.01,COOP:317069,RALEIGH AIRPORT NC US
20130607 12:00,0.04,COOP:317069,RALEIGH AIRPORT NC US
20130607 13:00,1.64,COOP:317069,RALEIGH AIRPORT NC US
20130607 14:00,1.77,COOP:317069,RALEIGH AIRPORT NC US
20130607 15:00,0.26,COOP:317069,RALEIGH AIRPORT NC US
20130607 16:00,0.11,COOP:317069,RALEIGH AIRPORT NC US
20130607 17:00,0,COOP:317069,RALEIGH AIRPORT NC US
20130607 21:00,0,COOP:317069,RALEIGH AIRPORT NC US
20130607 22:00,0,COOP:317069,RALEIGH AIRPORT NC US
20130607 23:00,0,COOP:317069,RALEIGH AIRPORT NC US
20130608 00:00,0,COOP:317069,RALEIGH AIRPORT NC US
20130608 01:00,0,COOP:317069,RALEIGH AIRPORT NC US
20130608 02:00,0.04,COOP:317069,RALEIGH AIRPORT NC US
20130608 03:00,0,COOP:317069,RALEIGH AIRPORT NC US
20130608 04:00,0,COOP:317069,RALEIGH AIRPORT NC US
20130608 10:00,0,COOP:317069,RALEIGH AIRPORT NC US
20130609 20:00,0.01,COOP:317069,RALEIGH AIRPORT NC US
20130609 21:00,0.01,COOP:317069,RALEIGH AIRPORT NC US
20130610 07:00,0,COOP:317069,RALEIGH AIRPORT NC US
20130610 09:00,0,COOP:317069,RALEIGH AIRPORT NC US
20130610 10:00,0,COOP:317069,RALEIGH AIRPORT NC US
20130610 11:00,0.26,COOP:317069,RALEIGH AIRPORT NC US
20130610 12:00,0.2,COOP:317069,RALEIGH AIRPORT NC US
20130610 13:00,0.12,COOP:317069,RALEIGH AIRPORT NC US
20130610 14:00,0,COOP:317069,RALEIGH AIRPORT NC US
20130610 17:00,0.08,COOP:317069,RALEIGH AIRPORT NC US
20130610 23:00,0,COOP:317069,RALEIGH AIRPORT NC US
20130611 00:00,0,COOP:317069,RALEIGH AIRPORT NC US
20130613 17:00,0.04,COOP:317069,RALEIGH AIRPORT NC US
20130613 18:00,0.01,COOP:317069,RALEIGH AIRPORT NC US
20130617 21:00,0,COOP:317069,RALEIGH AIRPORT NC US
20130617 22:00,0,COOP:317069,RALEIGH AIRPORT NC US
20130617 23:00,0,COOP:317069,RALEIGH AIRPORT NC US
20130618 00:00,0,COOP:317069,RALEIGH AIRPORT NC US
20130618 01:00,0,COOP:317069,RALEIGH AIRPORT NC US
20130618 07:00,0,COOP:317069,RALEIGH AIRPORT NC US
20130618 08:00,0,COOP:317069,RALEIGH AIRPORT NC US
20130618 18:00,0.06,COOP:317069,RALEIGH AIRPORT NC US
20130618 19:00,0.07,COOP:317069,RALEIGH AIRPORT NC US
20130618 20:00,0.01,COOP:317069,RALEIGH AIRPORT NC US
20130618 21:00,0,COOP:317069,RALEIGH AIRPORT NC US
20130618 22:00,0,COOP:317069,RALEIGH AIRPORT NC US
20130622 13:00,0,COOP:317069,RALEIGH AIRPORT NC US
20130623 12:00,0.03,COOP:317069,RALEIGH AIRPORT NC US
20130623 13:00,0.01,COOP:317069,RALEIGH AIRPORT NC US
20130624 13:00,0,COOP:317069,RALEIGH AIRPORT NC US
20130625 13:00,0.01,COOP:317069,RALEIGH AIRPORT NC US
20130626 19:00,0.28,COOP:317069,RALEIGH AIRPORT NC US
20130626 20:00,0.01,COOP:317069,RALEIGH AIRPORT NC US
20130626 21:00,0,COOP:317069,RALEIGH AIRPORT NC US
20130627 16:00,0,COOP:317069,RALEIGH AIRPORT NC US
20130628 18:00,0.37,COOP:317069,RALEIGH AIRPORT NC US
20130628 19:00,0.09,COOP:317069,RALEIGH AIRPORT NC US
20130628 22:00,0.04,COOP:317069,RALEIGH AIRPORT NC US
20130628 23:00,0.73,COOP:317069,RALEIGH AIRPORT NC US
20130629 00:00,0.43,COOP:317069,RALEIGH AIRPORT NC US
20130629 01:00,0.1,COOP:317069,RALEIGH AIRPORT NC US
20130630 16:00,0.86,COOP:317069,RALEIGH AIRPORT NC US
20130630 18:00,0,COOP:317069,RALEIGH AIRPORT NC US
20130630 19:00,0.02,COOP:317069,RALEIGH AIRPORT NC US
20130630 20:00,0.08,COOP:317069,RALEIGH AIRPORT NC US
20130630 21:00,0.01,COOP:317069,RALEIGH AIRPORT NC US
20130630 22:00,0.02,COOP:317069,RALEIGH AIRPORT NC US
20130701 01:00,0,COOP:317069,RALEIGH AIRPORT NC US
20130701 06:00,0,COOP:317069,RALEIGH AIRPORT NC US
20130701 07:00,0.55,COOP:317069,RALEIGH AIRPORT NC US
20130701 08:00,0.14,COOP:317069,RALEIGH AIRPORT NC US
20130701 12:00,0,COOP:317069,RALEIGH AIRPORT NC US
20130701 13:00,0,COOP:317069,RALEIGH AIRPORT NC US
20130701 14:00,0.03,COOP:317069,RALEIGH AIRPORT NC US
20130701 22:00,0,COOP:317069,RALEIGH AIRPORT NC US
20130701 23:00,0,COOP:317069,RALEIGH AIRPORT NC US
20130702 00:00,0,COOP:317069,RALEIGH AIRPORT NC US
20130702 01:00,0,COOP:317069,RALEIGH AIRPORT NC US
20130702 03:00,0,COOP:317069,RALEIGH AIRPORT NC US
20130702 04:00,0,COOP:317069,RALEIGH AIRPORT NC US
20130702 09:00,0,COOP:317069,RALEIGH AIRPORT NC US
20130702 10:00,0.05,COOP:317069,RALEIGH AIRPORT NC US
20130702 11:00,0.09,COOP:317069,RALEIGH AIRPORT NC US
20130702 12:00,0.11,COOP:317069,RALEIGH AIRPORT NC US
20130702 13:00,0.02,COOP:317069,RALEIGH AIRPORT NC US
20130702 14:00,0,COOP:317069,RALEIGH AIRPORT NC US
20130702 15:00,0.01,COOP:317069,RALEIGH AIRPORT NC US
20130702 16:00,0,COOP:317069,RALEIGH AIRPORT NC US
20130702 17:00,0,COOP:317069,RALEIGH AIRPORT NC US
20130702 18:00,0,COOP:317069,RALEIGH AIRPORT NC US
20130702 19:00,0,COOP:317069,RALEIGH AIRPORT NC US
20130702 20:00,0.01,COOP:317069,RALEIGH AIRPORT NC US
20130702 21:00,0,COOP:317069,RALEIGH AIRPORT NC US
20130702 22:00,0.01,COOP:317069,RALEIGH AIRPORT NC US
20130702 23:00,0,COOP:317069,RALEIGH AIRPORT NC US
20130703 11:00,0,COOP:317069,RALEIGH AIRPORT NC US
20130703 12:00,0,COOP:317069,RALEIGH AIRPORT NC US
20130703 16:00,0,COOP:317069,RALEIGH AIRPORT NC US
20130704 10:00,0,COOP:317069,RALEIGH AIRPORT NC US
20130706 14:00,0.01,COOP:317069,RALEIGH AIRPORT NC US
20130708 20:00,0,COOP:317069,RALEIGH AIRPORT NC US
20130709 16:00,0,COOP:317069,RALEIGH AIRPORT NC US
20130709 17:00,0,COOP:317069,RALEIGH AIRPORT NC US
20130710 17:00,0,COOP:317069,RALEIGH AIRPORT NC US
20130710 18:00,0.02,COOP:317069,RALEIGH AIRPORT NC US
20130710 22:00,0.02,COOP:317069,RALEIGH AIRPORT NC US
20130710 23:00,0,COOP:317069,RALEIGH AIRPORT NC US
20130711 13:00,0,COOP:317069,RALEIGH AIRPORT NC US
20130711 14:00,0,COOP:317069,RALEIGH AIRPORT NC US
20130711 15:00,0,COOP:317069,RALEIGH AIRPORT NC US
20130711 16:00,0.06,COOP:317069,RALEIGH AIRPORT NC US
20130711 17:00,0.04,COOP:317069,RALEIGH AIRPORT NC US
20130711 18:00,0.03,COOP:317069,RALEIGH AIRPORT NC US
20130711 19:00,0.04,COOP:317069,RALEIGH AIRPORT NC US
20130711 20:00,0,COOP:317069,RALEIGH AIRPORT NC US
20130711 22:00,0,COOP:317069,RALEIGH AIRPORT NC US
20130711 23:00,0.03,COOP:317069,RALEIGH AIRPORT NC US
20130712 00:00,0,COOP:317069,RALEIGH AIRPORT NC US
20130712 01:00,0.05,COOP:317069,RALEIGH AIRPORT NC US
20130712 02:00,0,COOP:317069,RALEIGH AIRPORT NC US
20130712 03:00,0,COOP:317069,RALEIGH AIRPORT NC US
20130712 05:00,0,COOP:317069,RALEIGH AIRPORT NC US
20130712 06:00,0,COOP:317069,RALEIGH AIRPORT NC US
20130712 15:00,0,COOP:317069,RALEIGH AIRPORT NC US
20130712 20:00,0,COOP:317069,RALEIGH AIRPORT NC US
20130712 21:00,0,COOP:317069,RALEIGH AIRPORT NC US
20130713 03:00,0,COOP:317069,RALEIGH AIRPORT NC US
20130713 04:00,0,COOP:317069,RALEIGH AIRPORT NC US
20130713 05:00,0,COOP:317069,RALEIGH AIRPORT NC US
20130713 08:00,0,COOP:317069,RALEIGH AIRPORT NC US
20130713 09:00,0.01,COOP:317069,RALEIGH AIRPORT NC US
20130713 10:00,0.01,COOP:317069,RALEIGH AIRPORT NC US
20130713 11:00,0,COOP:317069,RALEIGH AIRPORT NC US
20130713 13:00,0.34,COOP:317069,RALEIGH AIRPORT NC US
20130713 14:00,0.12,COOP:317069,RALEIGH AIRPORT NC US
20130713 15:00,0.01,COOP:317069,RALEIGH AIRPORT NC US
20130713 16:00,0.04,COOP:317069,RALEIGH AIRPORT NC US
20130717 02:00,0,COOP:317069,RALEIGH AIRPORT NC US
20130717 03:00,0,COOP:317069,RALEIGH AIRPORT NC US
20130718 15:00,0,COOP:317069,RALEIGH AIRPORT NC US
20130721 20:00,0,COOP:317069,RALEIGH AIRPORT NC US
20130721 21:00,0,COOP:317069,RALEIGH AIRPORT NC US
20130721 22:00,0,COOP:317069,RALEIGH AIRPORT NC US
20130724 18:00,0.46,COOP:317069,RALEIGH AIRPORT NC US
20130724 19:00,0.04,COOP:317069,RALEIGH AIRPORT NC US
20130724 23:00,0,COOP:317069,RALEIGH AIRPORT NC US
20130725 06:00,0,COOP:317069,RALEIGH AIRPORT NC US
20130727 17:00,0.01,COOP:317069,RALEIGH AIRPORT NC US
20130727 18:00,0.08,COOP:317069,RALEIGH AIRPORT NC US
20130727 19:00,0.04,COOP:317069,RALEIGH AIRPORT NC US
20130727 20:00,0,COOP:317069,RALEIGH AIRPORT NC US
20130728 22:00,0.04,COOP:317069,RALEIGH AIRPORT NC US
20130728 23:00,0.02,COOP:317069,RALEIGH AIRPORT NC US
20130729 00:00,0.4,COOP:317069,RALEIGH AIRPORT NC US
20130729 01:00,0.02,COOP:317069,RALEIGH AIRPORT NC US
20130729 04:00,0.01,COOP:317069,RALEIGH AIRPORT NC US
20130731 04:00,0,COOP:317069,RALEIGH AIRPORT NC US
20130731 05:00,0,COOP:317069,RALEIGH AIRPORT NC US
20130731 06:00,0,COOP:317069,RALEIGH AIRPORT NC US
20130731 07:00,0,COOP:317069,RALEIGH AIRPORT NC US
20130731 08:00,0,COOP:317069,RALEIGH AIRPORT NC US
20130731 09:00,0,COOP:317069,RALEIGH AIRPORT NC US
20130731 15:00,0,COOP:317069,RALEIGH AIRPORT NC US
20130731 22:00,0,COOP:317069,RALEIGH AIRPORT NC US
20130731 23:00,0.22,COOP:317069,RALEIGH AIRPORT NC US
20130801 00:00,0.29,COOP:317069,RALEIGH AIRPORT NC US
20130801 01:00,0,COOP:317069,RALEIGH AIRPORT NC US
20130801 06:00,0,COOP:317069,RALEIGH AIRPORT NC US
20130801 07:00,0,COOP:317069,RALEIGH AIRPORT NC US
20130801 13:00,0,COOP:317069,RALEIGH AIRPORT NC US
20130801 15:00,0,COOP:317069,RALEIGH AIRPORT NC US
20130801 17:00,0,COOP:317069,RALEIGH AIRPORT NC US
20130802 01:00,0.02,COOP:317069,RALEIGH AIRPORT NC US
20130802 02:00,0.75,COOP:317069,RALEIGH AIRPORT NC US
20130802 03:00,0,COOP:317069,RALEIGH AIRPORT NC US
20130803 18:00,2.04,COOP:317069,RALEIGH AIRPORT NC US
20130803 19:00,0.26,COOP:317069,RALEIGH AIRPORT NC US
20130806 03:00,0,COOP:317069,RALEIGH AIRPORT NC US
20130806 04:00,0,COOP:317069,RALEIGH AIRPORT NC US
20130806 05:00,0.03,COOP:317069,RALEIGH AIRPORT NC US
20130806 06:00,0.04,COOP:317069,RALEIGH AIRPORT NC US
20130806 07:00,0.06,COOP:317069,RALEIGH AIRPORT NC US
20130806 08:00,0.01,COOP:317069,RALEIGH AIRPORT NC US
20130813 00:00,0.66,COOP:317069,RALEIGH AIRPORT NC US
20130813 01:00,0.04,COOP:317069,RALEIGH AIRPORT NC US
20130813 02:00,0.01,COOP:317069,RALEIGH AIRPORT NC US
20130813 03:00,0,COOP:317069,RALEIGH AIRPORT NC US
20130813 04:00,0.02,COOP:317069,RALEIGH AIRPORT NC US
20130813 15:00,0,COOP:317069,RALEIGH AIRPORT NC US
20130813 16:00,0.01,COOP:317069,RALEIGH AIRPORT NC US
20130813 18:00,0,COOP:317069,RALEIGH AIRPORT NC US
20130813 19:00,0,COOP:317069,RALEIGH AIRPORT NC US
20130817 08:00,0,COOP:317069,RALEIGH AIRPORT NC US
20130817 09:00,0.01,COOP:317069,RALEIGH AIRPORT NC US
20130817 13:00,0.01,COOP:317069,RALEIGH AIRPORT NC US
20130817 14:00,0,COOP:317069,RALEIGH AIRPORT NC US
20130817 17:00,0.02,COOP:317069,RALEIGH AIRPORT NC US
20130817 18:00,0.01,COOP:317069,RALEIGH AIRPORT NC US
20130817 19:00,0.05,COOP:317069,RALEIGH AIRPORT NC US
20130817 20:00,0.05,COOP:317069,RALEIGH AIRPORT NC US
20130817 21:00,0,COOP:317069,RALEIGH AIRPORT NC US
20130817 22:00,0.02,COOP:317069,RALEIGH AIRPORT NC US
20130817 23:00,0.02,COOP:317069,RALEIGH AIRPORT NC US
20130818 00:00,0,COOP:317069,RALEIGH AIRPORT NC US
20130818 02:00,0,COOP:317069,RALEIGH AIRPORT NC US
20130818 04:00,0.05,COOP:317069,RALEIGH AIRPORT NC US
20130819 03:00,0,COOP:317069,RALEIGH AIRPORT NC US
20130819 04:00,0.01,COOP:317069,RALEIGH AIRPORT NC US
20130819 05:00,0.35,COOP:317069,RALEIGH AIRPORT NC US
20130819 06:00,0.13,COOP:317069,RALEIGH AIRPORT NC US
20130819 07:00,0.02,COOP:317069,RALEIGH AIRPORT NC US
20130819 08:00,0.02,COOP:317069,RALEIGH AIRPORT NC US
20130819 09:00,0.04,COOP:317069,RALEIGH AIRPORT NC US
20130819 10:00,0,COOP:317069,RALEIGH AIRPORT NC US
20130819 11:00,0.01,COOP:317069,RALEIGH AIRPORT NC US
20130819 12:00,0,COOP:317069,RALEIGH AIRPORT NC US
20130819 13:00,0,COOP:317069,RALEIGH AIRPORT NC US
20130819 15:00,0,COOP:317069,RALEIGH AIRPORT NC US
20130819 16:00,0.02,COOP:317069,RALEIGH AIRPORT NC US
20130819 17:00,0,COOP:317069,RALEIGH AIRPORT NC US
20130820 22:00,0,COOP:317069,RALEIGH AIRPORT NC US
20130821 02:00,0,COOP:317069,RALEIGH AIRPORT NC US
20130821 03:00,0,COOP:317069,RALEIGH AIRPORT NC US
20130821 16:00,0.01,COOP:317069,RALEIGH AIRPORT NC US
20130821 17:00,0,COOP:317069,RALEIGH AIRPORT NC US
20130821 19:00,0,COOP:317069,RALEIGH AIRPORT NC US
20130821 20:00,0,COOP:317069,RALEIGH AIRPORT NC US
20130823 15:00,0,COOP:317069,RALEIGH AIRPORT NC US
20130823 22:00,0,COOP:317069,RALEIGH AIRPORT NC US
20130823 23:00,0,COOP:317069,RALEIGH AIRPORT NC US
20130828 13:00,0,COOP:317069,RALEIGH AIRPORT NC US
20130828 14:00,0,COOP:317069,RALEIGH AIRPORT NC US
20130828 16:00,0,COOP:317069,RALEIGH AIRPORT NC US
20130901 01:00,0,COOP:317069,RALEIGH AIRPORT NC US
20130901 14:00,0,COOP:317069,RALEIGH AIRPORT NC US
20130901 17:00,0.21,COOP:317069,RALEIGH AIRPORT NC US
20130901 18:00,0.4,COOP:317069,RALEIGH AIRPORT NC US
20130901 19:00,0.49,COOP:317069,RALEIGH AIRPORT NC US
20130901 20:00,0.03,COOP:317069,RALEIGH AIRPORT NC US
20130901 21:00,0.03,COOP:317069,RALEIGH AIRPORT NC US
20130903 11:00,0.28,COOP:317069,RALEIGH AIRPORT NC US
20130903 12:00,0.02,COOP:317069,RALEIGH AIRPORT NC US
20130912 19:00,0,COOP:317069,RALEIGH AIRPORT NC US
20130912 20:00,0,COOP:317069,RALEIGH AIRPORT NC US
20130916 04:00,0.05,COOP:317069,RALEIGH AIRPORT NC US
20130916 05:00,0.01,COOP:317069,RALEIGH AIRPORT NC US
20130920 02:00,0,COOP:317069,RALEIGH AIRPORT NC US
20130920 05:00,0.01,COOP:317069,RALEIGH AIRPORT NC US
20130920 06:00,0.01,COOP:317069,RALEIGH AIRPORT NC US
20130920 07:00,0.15,COOP:317069,RALEIGH AIRPORT NC US
20130920 08:00,0.02,COOP:317069,RALEIGH AIRPORT NC US
20130920 13:00,0,COOP:317069,RALEIGH AIRPORT NC US
20130920 14:00,0,COOP:317069,RALEIGH AIRPORT NC US
20130920 15:00,0,COOP:317069,RALEIGH AIRPORT NC US
20130920 16:00,0,COOP:317069,RALEIGH AIRPORT NC US
20130920 17:00,0,COOP:317069,RALEIGH AIRPORT NC US
20130921 02:00,0.02,COOP:317069,RALEIGH AIRPORT NC US
20130921 03:00,0.03,COOP:317069,RALEIGH AIRPORT NC US
20130921 04:00,0,COOP:317069,RALEIGH AIRPORT NC US
20130921 14:00,0,COOP:317069,RALEIGH AIRPORT NC US
20130921 16:00,0.02,COOP:317069,RALEIGH AIRPORT NC US
20130921 17:00,0.07,COOP:317069,RALEIGH AIRPORT NC US
20130921 18:00,0.01,COOP:317069,RALEIGH AIRPORT NC US
20130921 19:00,0,COOP:317069,RALEIGH AIRPORT NC US
20130921 21:00,0.08,COOP:317069,RALEIGH AIRPORT NC US
20130921 22:00,0.04,COOP:317069,RALEIGH AIRPORT NC US
20130921 23:00,0.39,COOP:317069,RALEIGH AIRPORT NC US
20130922 00:00,0.11,COOP:317069,RALEIGH AIRPORT NC US
20130922 01:00,0.08,COOP:317069,RALEIGH AIRPORT NC US
20130922 02:00,0.03,COOP:317069,RALEIGH AIRPORT NC US
20130922 03:00,0.19,COOP:317069,RALEIGH AIRPORT NC US
20130922 04:00,0.08,COOP:317069,RALEIGH AIRPORT NC US
20130922 05:00,0.05,COOP:317069,RALEIGH AIRPORT NC US
20131001 01:00,0,COOP:317069,RALEIGH AIRPORT NC US
20131007 04:00,0.01,COOP:317069,RALEIGH AIRPORT NC US
20131007 05:00,0,COOP:317069,RALEIGH AIRPORT NC US
20131007 07:00,0,COOP:317069,RALEIGH AIRPORT NC US
20131007 08:00,0.04,COOP:317069,RALEIGH AIRPORT NC US
20131007 09:00,0.01,COOP:317069,RALEIGH AIRPORT NC US
20131007 10:00,0.04,COOP:317069,RALEIGH AIRPORT NC US
20131007 11:00,0.28,COOP:317069,RALEIGH AIRPORT NC US
20131007 12:00,0.19,COOP:317069,RALEIGH AIRPORT NC US
20131007 13:00,0.06,COOP:317069,RALEIGH AIRPORT NC US
20131007 14:00,0.16,COOP:317069,RALEIGH AIRPORT NC US
20131007 15:00,0.07,COOP:317069,RALEIGH AIRPORT NC US
20131007 16:00,0,COOP:317069,RALEIGH AIRPORT NC US
20131007 20:00,0,COOP:317069,RALEIGH AIRPORT NC US
20131007 21:00,0,COOP:317069,RALEIGH AIRPORT NC US
20131008 18:00,0,COOP:317069,RALEIGH AIRPORT NC US
20131008 19:00,0,COOP:317069,RALEIGH AIRPORT NC US
20131009 06:00,0,COOP:317069,RALEIGH AIRPORT NC US
20131009 07:00,0,COOP:317069,RALEIGH AIRPORT NC US
20131009 12:00,0,COOP:317069,RALEIGH AIRPORT NC US
20131009 13:00,0,COOP:317069,RALEIGH AIRPORT NC US
20131009 14:00,0,COOP:317069,RALEIGH AIRPORT NC US
20131009 15:00,0,COOP:317069,RALEIGH AIRPORT NC US
20131009 18:00,0,COOP:317069,RALEIGH AIRPORT NC US
20131009 19:00,0.02,COOP:317069,RALEIGH AIRPORT NC US
20131009 20:00,0.09,COOP:317069,RALEIGH AIRPORT NC US
20131009 21:00,0.05,COOP:317069,RALEIGH AIRPORT NC US
20131009 22:00,0.03,COOP:317069,RALEIGH AIRPORT NC US
20131009 23:00,0,COOP:317069,RALEIGH AIRPORT NC US
20131010 00:00,0,COOP:317069,RALEIGH AIRPORT NC US
20131010 01:00,0,COOP:317069,RALEIGH AIRPORT NC US
20131010 02:00,0,COOP:317069,RALEIGH AIRPORT NC US
20131010 03:00,0,COOP:317069,RALEIGH AIRPORT NC US
20131010 05:00,0,COOP:317069,RALEIGH AIRPORT NC US
20131010 06:00,0.03,COOP:317069,RALEIGH AIRPORT NC US
20131010 07:00,0.09,COOP:317069,RALEIGH AIRPORT NC US
20131010 08:00,0,COOP:317069,RALEIGH AIRPORT NC US
20131010 09:00,0.01,COOP:317069,RALEIGH AIRPORT NC US
20131010 10:00,0,COOP:317069,RALEIGH AIRPORT NC US
20131010 11:00,0,COOP:317069,RALEIGH AIRPORT NC US
20131010 12:00,0,COOP:317069,RALEIGH AIRPORT NC US
20131010 16:00,0,COOP:317069,RALEIGH AIRPORT NC US
20131010 19:00,0,COOP:317069,RALEIGH AIRPORT NC US
20131010 20:00,0,COOP:317069,RALEIGH AIRPORT NC US
20131010 21:00,0,COOP:317069,RALEIGH AIRPORT NC US
20131010 22:00,0,COOP:317069,RALEIGH AIRPORT NC US
20131010 23:00,0.01,COOP:317069,RALEIGH AIRPORT NC US
20131011 00:00,0,COOP:317069,RALEIGH AIRPORT NC US
20131011 01:00,0.02,COOP:317069,RALEIGH AIRPORT NC US
20131011 02:00,0,COOP:317069,RALEIGH AIRPORT NC US
20131011 03:00,0,COOP:317069,RALEIGH AIRPORT NC US
20131011 04:00,0,COOP:317069,RALEIGH AIRPORT NC US
20131011 05:00,0,COOP:317069,RALEIGH AIRPORT NC US
20131011 06:00,0,COOP:317069,RALEIGH AIRPORT NC US
20131011 08:00,0,COOP:317069,RALEIGH AIRPORT NC US
20131011 10:00,0,COOP:317069,RALEIGH AIRPORT NC US
20131011 11:00,0,COOP:317069,RALEIGH AIRPORT NC US
20131011 12:00,0,COOP:317069,RALEIGH AIRPORT NC US
20131011 13:00,0,COOP:317069,RALEIGH AIRPORT NC US
20131011 14:00,0,COOP:317069,RALEIGH AIRPORT NC US
20131012 10:00,0,COOP:317069,RALEIGH AIRPORT NC US
20131012 11:00,0.01,COOP:317069,RALEIGH AIRPORT NC US
20131012 12:00,0,COOP:317069,RALEIGH AIRPORT NC US
20131012 16:00,0,COOP:317069,RALEIGH AIRPORT NC US
20131012 17:00,0,COOP:317069,RALEIGH AIRPORT NC US
20131012 18:00,0,COOP:317069,RALEIGH AIRPORT NC US
20131012 20:00,0,COOP:317069,RALEIGH AIRPORT NC US
20131012 21:00,0,COOP:317069,RALEIGH AIRPORT NC US
20131013 17:00,0,COOP:317069,RALEIGH AIRPORT NC US
20131013 18:00,0,COOP:317069,RALEIGH AIRPORT NC US
20131013 19:00,0,COOP:317069,RALEIGH AIRPORT NC US
20131013 20:00,0.02,COOP:317069,RALEIGH AIRPORT NC US
20131013 21:00,0.02,COOP:317069,RALEIGH AIRPORT NC US
20131013 22:00,0.01,COOP:317069,RALEIGH AIRPORT NC US
20131013 23:00,0.01,COOP:317069,RALEIGH AIRPORT NC US
20131014 00:00,0.01,COOP:317069,RALEIGH AIRPORT NC US
20131014 01:00,0.02,COOP:317069,RALEIGH AIRPORT NC US
20131014 02:00,0.01,COOP:317069,RALEIGH AIRPORT NC US
20131014 03:00,0,COOP:317069,RALEIGH AIRPORT NC US
20131014 04:00,0.03,COOP:317069,RALEIGH AIRPORT NC US
20131014 05:00,0.01,COOP:317069,RALEIGH AIRPORT NC US
20131014 06:00,0.01,COOP:317069,RALEIGH AIRPORT NC US
20131014 07:00,0.02,COOP:317069,RALEIGH AIRPORT NC US
20131014 08:00,0.01,COOP:317069,RALEIGH AIRPORT NC US
20131014 09:00,0,COOP:317069,RALEIGH AIRPORT NC US
20131014 14:00,0,COOP:317069,RALEIGH AIRPORT NC US
20131014 15:00,0,COOP:317069,RALEIGH AIRPORT NC US
20131016 01:00,0,COOP:317069,RALEIGH AIRPORT NC US
20131016 05:00,0,COOP:317069,RALEIGH AIRPORT NC US
20131016 06:00,0,COOP:317069,RALEIGH AIRPORT NC US
20131016 07:00,0,COOP:317069,RALEIGH AIRPORT NC US
20131017 06:00,0,COOP:317069,RALEIGH AIRPORT NC US
20131017 13:00,0,COOP:317069,RALEIGH AIRPORT NC US
20131017 18:00,0,COOP:317069,RALEIGH AIRPORT NC US
20131017 19:00,0,COOP:317069,RALEIGH AIRPORT NC US
20131017 20:00,0,COOP:317069,RALEIGH AIRPORT NC US
20131019 18:00,0.01,COOP:317069,RALEIGH AIRPORT NC US
20131022 14:00,0,COOP:317069,RALEIGH AIRPORT NC US
20131022 15:00,0,COOP:317069,RALEIGH AIRPORT NC US
20131022 16:00,0,COOP:317069,RALEIGH AIRPORT NC US
20131022 17:00,0,COOP:317069,RALEIGH AIRPORT NC US
20131022 18:00,0,COOP:317069,RALEIGH AIRPORT NC US
20131023 04:00,0,COOP:317069,RALEIGH AIRPORT NC US
20131023 05:00,0,COOP:317069,RALEIGH AIRPORT NC US
20131023 08:00,0,COOP:317069,RALEIGH AIRPORT NC US
20131101 01:00,0,COOP:317069,RALEIGH AIRPORT NC US
20131101 11:00,0.01,COOP:317069,RALEIGH AIRPORT NC US
20131101 12:00,0,COOP:317069,RALEIGH AIRPORT NC US
20131101 13:00,0.04,COOP:317069,RALEIGH AIRPORT NC US
20131101 14:00,0.01,COOP:317069,RALEIGH AIRPORT NC US
20131101 15:00,0.23,COOP:317069,RALEIGH AIRPORT NC US
20131101 16:00,0.29,COOP:317069,RALEIGH AIRPORT NC US
20131101 17:00,0.18,COOP:317069,RALEIGH AIRPORT NC US
20131101 18:00,0.43,COOP:317069,RALEIGH AIRPORT NC US
20131101 19:00,0.03,COOP:317069,RALEIGH AIRPORT NC US
20131101 20:00,0.01,COOP:317069,RALEIGH AIRPORT NC US
20131101 21:00,0,COOP:317069,RALEIGH AIRPORT NC US
20131102 18:00,0,COOP:317069,RALEIGH AIRPORT NC US
20131102 21:00,0,COOP:317069,RALEIGH AIRPORT NC US
20131107 02:00,0,COOP:317069,RALEIGH AIRPORT NC US
20131107 03:00,0,COOP:317069,RALEIGH AIRPORT NC US
20131107 04:00,0.01,COOP:317069,RALEIGH AIRPORT NC US
20131107 05:00,0.01,COOP:317069,RALEIGH AIRPORT NC US
20131107 06:00,0.01,COOP:317069,RALEIGH AIRPORT NC US
20131107 07:00,0,COOP:317069,RALEIGH AIRPORT NC US
20131112 17:00,0,COOP:317069,RALEIGH AIRPORT NC US
20131112 18:00,0,COOP:317069,RALEIGH AIRPORT NC US
20131112 19:00,0.01,COOP:317069,RALEIGH AIRPORT NC US
20131112 20:00,0,COOP:317069,RALEIGH AIRPORT NC US
20131116 00:00,0,COOP:317069,RALEIGH AIRPORT NC US
20131116 01:00,0,COOP:317069,RALEIGH AIRPORT NC US
20131117 20:00,0.02,COOP:317069,RALEIGH AIRPORT NC US
20131117 21:00,0.06,COOP:317069,RALEIGH AIRPORT NC US
20131117 23:00,0,COOP:317069,RALEIGH AIRPORT NC US
20131118 01:00,0,COOP:317069,RALEIGH AIRPORT NC US
20131118 06:00,0,COOP:317069,RALEIGH AIRPORT NC US
20131118 07:00,0.06,COOP:317069,RALEIGH AIRPORT NC US
20131122 21:00,0,COOP:317069,RALEIGH AIRPORT NC US
20131122 22:00,0.01,COOP:317069,RALEIGH AIRPORT NC US
20131122 23:00,0.01,COOP:317069,RALEIGH AIRPORT NC US
20131123 00:00,0.01,COOP:317069,RALEIGH AIRPORT NC US
20131123 01:00,0.01,COOP:317069,RALEIGH AIRPORT NC US
20131123 02:00,0,COOP:317069,RALEIGH AIRPORT NC US
20131126 10:00,0,COOP:317069,RALEIGH AIRPORT NC US
20131126 11:00,0.01,COOP:317069,RALEIGH AIRPORT NC US
20131126 12:00,0.02,COOP:317069,RALEIGH AIRPORT NC US
20131126 13:00,0.06,COOP:317069,RALEIGH AIRPORT NC US
20131126 14:00,0.09,COOP:317069,RALEIGH AIRPORT NC US
20131126 15:00,0.06,COOP:317069,RALEIGH AIRPORT NC US
20131126 16:00,0.11,COOP:317069,RALEIGH AIRPORT NC US
20131126 17:00,0.05,COOP:317069,RALEIGH AIRPORT NC US
20131126 18:00,0.04,COOP:317069,RALEIGH AIRPORT NC US
20131126 19:00,0.11,COOP:317069,RALEIGH AIRPORT NC US
20131126 20:00,0.1,COOP:317069,RALEIGH AIRPORT NC US
20131126 21:00,0.04,COOP:317069,RALEIGH AIRPORT NC US
20131126 22:00,0.12,COOP:317069,RALEIGH AIRPORT NC US
20131126 23:00,0.01,COOP:317069,RALEIGH AIRPORT NC US
20131127 00:00,0.01,COOP:317069,RALEIGH AIRPORT NC US
20131127 01:00,0.03,COOP:317069,RALEIGH AIRPORT NC US
20131127 02:00,0.01,COOP:317069,RALEIGH AIRPORT NC US
20131127 03:00,0.04,COOP:317069,RALEIGH AIRPORT NC US
20131127 04:00,0.15,COOP:317069,RALEIGH AIRPORT NC US
20131127 05:00,0.09,COOP:317069,RALEIGH AIRPORT NC US
20131127 06:00,0.14,COOP:317069,RALEIGH AIRPORT NC US
20131127 07:00,0.03,COOP:317069,RALEIGH AIRPORT NC US
20131127 08:00,0.07,COOP:317069,RALEIGH AIRPORT NC US
20131127 09:00,0.02,COOP:317069,RALEIGH AIRPORT NC US
20131127 10:00,0.02,COOP:317069,RALEIGH AIRPORT NC US
20131127 11:00,0.05,COOP:317069,RALEIGH AIRPORT NC US
20131127 12:00,0.01,COOP:317069,RALEIGH AIRPORT NC US
20131127 13:00,0.02,COOP:317069,RALEIGH AIRPORT NC US
20131127 14:00,0.03,COOP:317069,RALEIGH AIRPORT NC US
20131127 15:00,0,COOP:317069,RALEIGH AIRPORT NC US
20131127 16:00,0,COOP:317069,RALEIGH AIRPORT NC US
20131127 17:00,0,COOP:317069,RALEIGH AIRPORT NC US
20131201 01:00,0,COOP:317069,RALEIGH AIRPORT NC US
20131203 23:00,0,COOP:317069,RALEIGH AIRPORT NC US
20131204 00:00,0,COOP:317069,RALEIGH AIRPORT NC US
20131204 01:00,0,COOP:317069,RALEIGH AIRPORT NC US
20131204 03:00,0,COOP:317069,RALEIGH AIRPORT NC US
20131204 04:00,0,COOP:317069,RALEIGH AIRPORT NC US
20131204 10:00,0,COOP:317069,RALEIGH AIRPORT NC US
20131204 11:00,0,COOP:317069,RALEIGH AIRPORT NC US
20131204 20:00,0,COOP:317069,RALEIGH AIRPORT NC US
20131204 21:00,0,COOP:317069,RALEIGH AIRPORT NC US
20131205 04:00,0,COOP:317069,RALEIGH AIRPORT NC US
20131205 09:00,0.01,COOP:317069,RALEIGH AIRPORT NC US
20131205 10:00,0.02,COOP:317069,RALEIGH AIRPORT NC US
20131205 12:00,0,COOP:317069,RALEIGH AIRPORT NC US
20131205 14:00,0,COOP:317069,RALEIGH AIRPORT NC US
20131205 15:00,0,COOP:317069,RALEIGH AIRPORT NC US
20131205 17:00,0,COOP:317069,RALEIGH AIRPORT NC US
20131205 18:00,0,COOP:317069,RALEIGH AIRPORT NC US
20131205 19:00,0,COOP:317069,RALEIGH AIRPORT NC US
20131205 23:00,0,COOP:317069,RALEIGH AIRPORT NC US
20131206 00:00,0,COOP:317069,RALEIGH AIRPORT NC US
20131206 01:00,0,COOP:317069,RALEIGH AIRPORT NC US
20131207 04:00,0,COOP:317069,RALEIGH AIRPORT NC US
20131207 05:00,0.07,COOP:317069,RALEIGH AIRPORT NC US
20131207 06:00,0.01,COOP:317069,RALEIGH AIRPORT NC US
20131207 07:00,0.02,COOP:317069,RALEIGH AIRPORT NC US
20131207 08:00,0.01,COOP:317069,RALEIGH AIRPORT NC US
20131207 09:00,0,COOP:317069,RALEIGH AIRPORT NC US
20131208 08:00,0,COOP:317069,RALEIGH AIRPORT NC US
20131208 09:00,0,COOP:317069,RALEIGH AIRPORT NC US
20131208 10:00,0.01,COOP:317069,RALEIGH AIRPORT NC US
20131208 11:00,0.02,COOP:317069,RALEIGH AIRPORT NC US
20131208 13:00,0.01,COOP:317069,RALEIGH AIRPORT NC US
20131208 14:00,0,COOP:317069,RALEIGH AIRPORT NC US
20131208 15:00,0.01,COOP:317069,RALEIGH AIRPORT NC US
20131208 16:00,0,COOP:317069,RALEIGH AIRPORT NC US
20131208 17:00,0,COOP:317069,RALEIGH AIRPORT NC US
20131208 20:00,0,COOP:317069,RALEIGH AIRPORT NC US
20131208 21:00,0,COOP:317069,RALEIGH AIRPORT NC US
20131208 22:00,0,COOP:317069,RALEIGH AIRPORT NC US
20131208 23:00,0,COOP:317069,RALEIGH AIRPORT NC US
20131209 00:00,0,COOP:317069,RALEIGH AIRPORT NC US
20131209 01:00,0,COOP:317069,RALEIGH AIRPORT NC US
20131209 09:00,0,COOP:317069,RALEIGH AIRPORT NC US
20131209 10:00,0.03,COOP:317069,RALEIGH AIRPORT NC US
20131209 11:00,0,COOP:317069,RALEIGH AIRPORT NC US
20131209 12:00,0.02,COOP:317069,RALEIGH AIRPORT NC US
20131209 13:00,0,COOP:317069,RALEIGH AIRPORT NC US
20131209 14:00,0,COOP:317069,RALEIGH AIRPORT NC US
20131209 15:00,0.05,COOP:317069,RALEIGH AIRPORT NC US
20131209 16:00,0,COOP:317069,RALEIGH AIRPORT NC US
20131209 17:00,0.01,COOP:317069,RALEIGH AIRPORT NC US
20131209 18:00,0,COOP:317069,RALEIGH AIRPORT NC US
20131209 19:00,0.05,COOP:317069,RALEIGH AIRPORT NC US
20131209 20:00,0,COOP:317069,RALEIGH AIRPORT NC US
20131209 21:00,0.01,COOP:317069,RALEIGH AIRPORT NC US
20131209 22:00,0,COOP:317069,RALEIGH AIRPORT NC US
20131210 02:00,0.03,COOP:317069,RALEIGH AIRPORT NC US
20131210 03:00,0.08,COOP:317069,RALEIGH AIRPORT NC US
20131210 04:00,0.11,COOP:317069,RALEIGH AIRPORT NC US
20131210 05:00,0.02,COOP:317069,RALEIGH AIRPORT NC US
20131210 06:00,0.01,COOP:317069,RALEIGH AIRPORT NC US
20131210 07:00,0.01,COOP:317069,RALEIGH AIRPORT NC US
20131210 08:00,0.02,COOP:317069,RALEIGH AIRPORT NC US
20131210 09:00,0.02,COOP:317069,RALEIGH AIRPORT NC US
20131210 10:00,0.09,COOP:317069,RALEIGH AIRPORT NC US
20131210 11:00,0.02,COOP:317069,RALEIGH AIRPORT NC US
20131210 12:00,0.06,COOP:317069,RALEIGH AIRPORT NC US
20131210 13:00,0,COOP:317069,RALEIGH AIRPORT NC US
20131210 14:00,0,COOP:317069,RALEIGH AIRPORT NC US
20131214 06:00,0,COOP:317069,RALEIGH AIRPORT NC US
20131214 07:00,0.01,COOP:317069,RALEIGH AIRPORT NC US
20131214 12:00,0.03,COOP:317069,RALEIGH AIRPORT NC US
20131214 13:00,0.11,COOP:317069,RALEIGH AIRPORT NC US
20131214 14:00,0,COOP:317069,RALEIGH AIRPORT NC US
20131214 15:00,0,COOP:317069,RALEIGH AIRPORT NC US
20131214 16:00,0.21,COOP:317069,RALEIGH AIRPORT NC US
20131214 17:00,0.27,COOP:317069,RALEIGH AIRPORT NC US
20131214 18:00,0.14,COOP:317069,RALEIGH AIRPORT NC US
20131214 19:00,0.04,COOP:317069,RALEIGH AIRPORT NC US
20131214 20:00,0.04,COOP:317069,RALEIGH AIRPORT NC US
20131214 21:00,0,COOP:317069,RALEIGH AIRPORT NC US
20131215 04:00,0.01,COOP:317069,RALEIGH AIRPORT NC US
20131215 05:00,0.02,COOP:317069,RALEIGH AIRPORT NC US
20131217 21:00,0,COOP:317069,RALEIGH AIRPORT NC US
20131217 22:00,0,COOP:317069,RALEIGH AIRPORT NC US
20131222 06:00,0,COOP:317069,RALEIGH AIRPORT NC US
20131222 19:00,0.01,COOP:317069,RALEIGH AIRPORT NC US
20131222 20:00,0.24,COOP:317069,RALEIGH AIRPORT NC US
20131222 21:00,0.02,COOP:317069,RALEIGH AIRPORT NC US
20131222 23:00,0,COOP:317069,RALEIGH AIRPORT NC US
20131223 00:00,0.01,COOP:317069,RALEIGH AIRPORT NC US
20131223 01:00,0,COOP:317069,RALEIGH AIRPORT NC US
20131223 02:00,0.1,COOP:317069,RALEIGH AIRPORT NC US
20131223 03:00,0.11,COOP:317069,RALEIGH AIRPORT NC US
20131223 04:00,0.23,COOP:317069,RALEIGH AIRPORT NC US
20131223 05:00,0.11,COOP:317069,RALEIGH AIRPORT NC US
20131223 06:00,0.11,COOP:317069,RALEIGH AIRPORT NC US
20131223 08:00,0.56,COOP:317069,RALEIGH AIRPORT NC US
20131223 09:00,0.11,COOP:317069,RALEIGH AIRPORT NC US
20131223 10:00,0.04,COOP:317069,RALEIGH AIRPORT NC US
20131223 11:00,0,COOP:317069,RALEIGH AIRPORT NC US
20131223 12:00,0.01,COOP:317069,RALEIGH AIRPORT NC US
20131223 13:00,0.03,COOP:317069,RALEIGH AIRPORT NC US
20131223 14:00,0.11,COOP:317069,RALEIGH AIRPORT NC US
20131223 15:00,0.1,COOP:317069,RALEIGH AIRPORT NC US
20131223 16:00,0.06,COOP:317069,RALEIGH AIRPORT NC US
20131223 17:00,0.03,COOP:317069,RALEIGH AIRPORT NC US
20131223 18:00,0.15,COOP:317069,RALEIGH AIRPORT NC US
20131223 19:00,0.08,COOP:317069,RALEIGH AIRPORT NC US
20131223 20:00,0.01,COOP:317069,RALEIGH AIRPORT NC US
20131223 21:00,0,COOP:317069,RALEIGH AIRPORT NC US
20131223 22:00,0,COOP:317069,RALEIGH AIRPORT NC US
20131223 23:00,0,COOP:317069,RALEIGH AIRPORT NC US
20131224 00:00,0,COOP:317069,RALEIGH AIRPORT NC US
20131224 04:00,0,COOP:317069,RALEIGH AIRPORT NC US
20131226 04:00,0,COOP:317069,RALEIGH AIRPORT NC US
20131226 05:00,0.01,COOP:317069,RALEIGH AIRPORT NC US
20131226 06:00,0,COOP:317069,RALEIGH AIRPORT NC US
20131226 07:00,0,COOP:317069,RALEIGH AIRPORT NC US
20131226 08:00,0.01,COOP:317069,RALEIGH AIRPORT NC US
20131226 09:00,0.01,COOP:317069,RALEIGH AIRPORT NC US
20131229 02:00,0,COOP:317069,RALEIGH AIRPORT NC US
20131229 03:00,0.09,COOP:317069,RALEIGH AIRPORT NC US
20131229 04:00,0.1,COOP:317069,RALEIGH AIRPORT NC US
20131229 05:00,0.19,COOP:317069,RALEIGH AIRPORT NC US
20131229 06:00,0.13,COOP:317069,RALEIGH AIRPORT NC US
20131229 07:00,0.13,COOP:317069,RALEIGH AIRPORT NC US
20131229 08:00,0.27,COOP:317069,RALEIGH AIRPORT NC US
20131229 09:00,0.5,COOP:317069,RALEIGH AIRPORT NC US
20131229 10:00,0.21,COOP:317069,RALEIGH AIRPORT NC US
20131229 11:00,0.17,COOP:317069,RALEIGH AIRPORT NC US
20131229 12:00,0.14,COOP:317069,RALEIGH AIRPORT NC US
20131229 13:00,0.01,COOP:317069,RALEIGH AIRPORT NC US
20131229 14:00,0,COOP:317069,RALEIGH AIRPORT NC US
20131231 04:00,0,COOP:317069,RALEIGH AIRPORT NC US
20131231 05:00,0,COOP:317069,RALEIGH AIRPORT NC US
20131231 06:00,0,COOP:317069,RALEIGH AIRPORT NC US